beds,X,Y
531,4284058.3694,3520680.42703
318,4283678.63431,3520865.72623
50,4328588.36916,3466456.25266
30,4328611.95305,3468440.69948
616,4328611.95305,3468440.69948
263,4328561.83151,3471871.89644
35,4330686.59334,3471009.42005
46,4329173.24432,3468922.17818
60,4332914.77544,3469203.09124
1160,4330226.24034,3469047.47056
47,4365860.04086,3420896.75347
164,4367604.73285,3418678.86952
63,4366089.28162,3417461.22065
22,4366395.40961,3415963.21776
425,4366215.18125,3415987.34069
1030,4367822.83081,3414576.77656
632,4320493.29796,3439896.59387
17,4320473.47248,3441133.35944
30,4317570.07136,3443565.19835
703,4261026.25415,3455106.79478
50,4346446.55425,3368819.00861
69,4346446.55425,3368819.00861
235,4346620.64736,3369425.73995
184,4372505.24843,3398291.94965
69,4371786.20363,3397492.50685
15,4255464.79475,3500551.49333
21,4259795.94577,3486385.17647
428,4259480.15765,3486657.01401
18,4228371.36874,3509726.93813
112,4212830.72085,3536749.05314
90,4366639.04641,3424124.2961
222,4360293.87721,3447515.77755
93,4360943.88835,3448066.31722
311,4383388.44763,3474611.9538
47,4356761.83853,3451016.08261
126,4357973.41005,3451793.45811
265,4372985.72558,3444577.46063
35,4377504.60722,3442740.54962
324,4375238.60491,3442997.18902
143,4378334.50865,3465200.38394
100,4365755.42354,3441915.00524
30,4372409.57381,3432605.40073
30,4398895.16745,3482489.84984
35,4303029.96482,3409462.57947
34,4183038.78444,3454483.56921
903,4301167.89849,3403805.60653
44,4350173.52704,3447913.93562
169,4339172.38626,3459172.78905
12,4334723.59116,3464582.37926
10,4305636.72425,3439322.04128
354,4322441.1037,3497793.00117
7,4327375.33698,3470135.37663
719,4298848.13381,3465681.01034
26,4289509.48566,3478255.65996
269,4292822.21982,3490965.16212
257,4313986.30664,3421838.57022
364,4313681.66753,3421930.62961
94,4341236.51934,3425972.87624
71,4333748.08683,3412670.1779
214,4321542.92952,3404667.12955
302,4332454.77488,3432526.85654
594,4288387.87663,3426175.14309
172,4345014.60495,3411725.9289
220,4331066.35835,3405631.28654
226,4339617.5097,3394805.69971
212,4338017.84186,3395041.73647
313,4336969.46571,3378083.06608
719,4322148.40144,3383500.95938
214,4320053.35104,3377324.316
224,4318036.56013,3382612.76637
180,4315237.0971,3382639.98489
651,4314291.58629,3383010.65772
1,4314291.58629,3383010.65772
100,4311290.28277,3383267.30065
155,4307176.47308,3384099.8162
473,4305966.99135,3386082.10431
401,4318709.84816,3384848.9238
30,4318833.5437,3384655.34679
3,4320260.1262,3384124.54781
18,4320537.67022,3384358.85362
642,4314744.89587,3391541.86107
5,4319578.38614,3385925.06198
7,4319108.61861,3386501.24837
65,4319197.23051,3386745.19345
58,4319575.18034,3386957.64577
244,4319575.18034,3386957.64577
1399,4319575.18034,3386957.64577
572,4323098.01901,3383518.03899
698,4324448.63204,3385647.84449
699,4323383.05777,3388744.69159
1278,4321157.46454,3396128.58487
149,4325945.70271,3387365.00513
512,4326871.52375,3384725.09731
295,4330894.4033,3392617.77532
196,4331896.40183,3386563.62272
585,4332892.37331,3377690.47746
24,4334705.59674,3376289.53043
332,4336665.76178,3375405.17477
25,4317696.91115,3372402.24996
784,4317696.91115,3372402.24996
186,4316896.29413,3373509.77109
21,4357036.24028,3238567.23721
163,4358238.29178,3238872.2541
270,4356986.48399,3236084.50239
15,4357167.74708,3237048.10015
1418,4355819.95834,3239861.88764
25,4358136.93322,3239429.20887
340,4342871.27615,3227162.82008
123,4346464.57093,3215145.10974
557,4373270.7696,3256283.04281
384,4358231.24718,3265398.83966
50,4370966.38818,3291495.93261
78,4360620.01181,3197465.2715
280,4350697.29338,3212658.24569
312,4335877.57292,3196983.89492
51,4363648.62316,3180030.15738
310,4351397.22766,3202116.2088
54,4344038.72831,3188650.60167
253,4389285.67859,3236304.62172
557,4376643.61332,3237356.54024
113,4322897.85613,3195923.67772
111,4311984.37465,3191492.51589
312,4337218.849070001,3243602.84607
296,4357443.37815,3230166.59067
84,4353761.88239,3168659.7157
39,4353454.11288,3168259.39993
35,4353484.4715,3168507.44705
131,4338160.91031,3156221.73593
100,4317095.45303,3158911.75193
434,4315381.31045,3157029.64736
132,4316964.68319,3158975.14638
457,4317100.67946,3160543.19905
1485,4317024.94109,3159940.4828
120,4297227.40875,3143113.24682
227,4344659.9297,3173307.00114
180,4313797.02341,3155047.51743
478,4302230.80394,3251299.57867
509,4304210.61651,3251185.12228
187,4308145.57601,3251165.09667
235,4303614.93358,3253031.91499
41,4304102.25085,3252070.27608
86,4307219.65118,3253461.52342
245,4305842.55119,3250145.54236
459,4301571.85892,3253729.52735
543,4302190.54909,3250088.68443
1457,4307792.42473,3252751.31654
345,4308366.020670001,3249980.84995
223,4311608.38157,3265220.92325
317,4293554.44809,3243927.94967
246,4307306.58627,3244124.51253
184,4303318.16288,3259464.91617
40,4303318.16288,3259464.91617
90,4304496.70192,3258321.77534
169,4319842.63324,3252298.46143
283,4284666.1958,3264999.51935
277,4316491.95916,3248398.98215
392,4282257.04174,3257369.19248
217,4235361.64286,3304697.92068
130,4211053.51566,3279183.89183
133,4240209.08606,3286727.57574
58,4285106.64552,3233232.75817
29,4284807.47545,3233287.0997
263,4271116.06323,3208623.73596
61,4269668.5844,3209274.53186
106,4290108.285,3222418.65511
40,4277333.4307,3221617.78218
442,4276604.32139,3222118.14229
113,4269584.50547,3229611.50071
138,4309502.21952,3209388.80472
66,4315056.57082,3220635.86412
353,4319885.79471,3226164.19491
553,4319314.61477,3226849.46194
511,4317380.80588,3226384.55926
119,4305054.97938,3219256.47862
183,4283428.85693,3191729.39797
24,4285378.45998,3190600.08973
295,4268507.11405,3280937.77345
64,4257770.10462,3267700.1304
166,4258204.80808,3230908.04635
8,4266888.05262,3245632.3886
648,4326733.0605,3279964.19402
19,4326936.67677,3279915.69007
227,4234924.38754,3416967.30225
104,4228955.63522,3418491.46654
97,4247774.95389,3412240.81921
260,4230288.63411,3390636.75747
281,4312576.004770001,3358334.1811
55,4317656.91327,3356838.96998
140,4316711.9599,3366385.01292
245,4334369.94403,3360287.63647
118,4393330.34268,3330981.41977
14,4348413.4959,3347851.96009
40,4347313.45001,3347225.98815
300,4346835.32122,3349568.15991
524,4347431.89333,3348155.49218
83,4247930.12627,3338474.5842
127,4240436.87664,3347934.34219
127,4263611.24465,3374081.98871
22,4274571.20081,3345423.15531
757,4281636.86135,3333272.70248
106,4273189.58497,3355221.34313
21,4301204.29098,3306728.57607
156,4311315.942820001,3320122.21467
55,4311498.9636,3320612.13556
235,4293172.78732,3305679.02143
285,4299498.01001,3372764.08396
573,4284122.28954,3387730.35836
47,4286087.98532,3387688.13495
26,4286166.34943,3387951.10631
33,4361335.59559,3331524.79983
43,4360458.4723,3330488.30813
200,4361430.39471,3330977.97103
71,4367067.54562,3301887.47186
381,4356748.19417,3318254.10699
92,4356496.80593,3317681.02324
131,4254183.37615,3323800.69445
131,4269330.07484,3311946.8182
262,4226679.82981,3327107.34457
350,4135531.31927,3366688.54284
411,4200937.38585,3338628.46691
848,4201663.5004,3335213.69525
410,4201256.13349,3338738.76742
382,4188060.10736,3243743.9445
141,4188086.67978,3241819.85581
42,4188839.76998,3239741.76877
730,4184804.99998,3242686.21199
535,4188172.23154,3241864.05203
250,4185236.58548,3244039.47014
7,4196163.51838,3381818.27944
617,4193917.32145,3383631.55002
434,4196599.29147,3341706.78148
25,4186609.25908,3344593.80637
375,4182089.44053,3352061.46739
135,4182089.44053,3352061.46739
337,4154812.36903,3376194.90749
289,4136844.85147,3391682.08283
64,4134379.97614,3404606.01218
243,4188991.36279,3306101.75864
115,4176983.33478,3325858.60194
134,4169347.244,3294107.50097
140,4150765.70783,3287602.82407
90,4141674.9052,3270280.18684
513,4138834.54274,3271803.08427
420,4137980.18677,3290073.24938
318,4146576.01917,3333022.5826
140,4153967.51371,3306672.65471
126,4150535.05193,3268371.10888
154,4197250.98254,3366551.48189
60,4127685.32735,3249222.73359
45,4126689.01548,3247086.40088
411,4121506.57442,3263287.39099
8,4100607.62476,3391423.52967
256,4150387.04213,3349793.23486
381,4151331.11124,3350491.65924
60,4144024.6555,3343231.57995
51,4225661.78868,3327590.0893
61,4224230.79096,3331074.95633
126,4215465.54696,3310538.88606
106,4176757.81926,3272209.58368
12,4194897.73848,3223867.23103
33,4194478.91156,3224233.08532
206,4195354.40282,3224123.95903
100,4183921.14123,3257409.36404
90,4187092.07442,3234580.50299
287,4189293.96179,3238175.00675
24,4189293.96179,3238175.00675
184,4207246.61641,3233377.96307
174,4200364.25746,3249760.9412
400,4181536.89251,3286330.43134
243,4198447.46131,3269575.52584
152,4202040.11512,3285441.90905
199,4192469.08725,3268714.37177
281,4205267.74072,3292123.24231
103,4219866.5358,3358396.64517
120,4219126.62866,3376189.70837
164,4174463.90281,3387199.73468
196,4249984.20991,3330320.1039
403,4237044.84116,3336015.93156
725,4249955.07224,3328966.26813
791,4243082.06771,3330255.19858
447,4227055.09031,3342594.1975
510,4241768.64598,3325958.63016
455,4243043.2041,3331102.77716
94,4245778.6489,3330704.86099
151,4242136.76633,3328185.66112
271,4240803.99618,3329632.18676
634,4230614.53054,3381985.63139
568,4095599.3348,3127379.06037
558,4094348.26887,3137304.32869
365,4099466.07993,3133197.24109
475,4100737.97415,3130401.51973
439,4096525.67498,3129923.02657
104,4094840.75638,3132032.15502
641,4101451.9065,3130494.11215
200,4092521.30028,3129609.00078
226,4094720.84023,3127315.47375
1161,4096627.85197,3125782.86449
320,4097076.70153,3145981.89004
430,4095705.43328,3150114.44932
1235,4096683.12283,3161168.23536
52,4092639.15007,3162982.43516
1008,4096096.22159,3158314.59411
304,4091419.81765,3149884.87529
601,4095017.41425,3144281.68608
657,4097219.83202,3147815.15242
309,4118854.73399,3152849.03513
573,4112912.09149,3150460.05166
588,4114800.94474,3152492.4838
224,4112663.47503,3146350.15212
455,4118250.06769,3146329.7536
514,4113174.09681,3158560.65314
638,4114594.79109,3152101.24873
229,4111363.5598,3143433.26103
162,4112644.59162,3146294.1987
233,4111743.0794,3151579.94294
1224,4111743.0794,3151579.94294
1186,4081714.97908,3140072.14247
128,4082263.07602,3139339.78216
517,4083039.50265,3140543.90678
262,4087570.02572,3143284.41676
350,4071252.95542,3126975.14922
766,4070885.19278,3129210.93388
363,4074479.4802,3129680.54179
130,4071984.74939,3123773.44859
555,4070654.74104,3122461.24518
586,4104242.71243,3150621.68978
325,4104568.80718,3150812.75729
469,4103345.16616,3156166.34367
203,4102458.01743,3154841.91656
835,4103159.20693,3156542.029
90,4123932.9665,3122586.31037
460,4124398.07271,3120504.77998
470,4127237.60493,3125179.43845
120,4111960.05895,3118373.01494
327,4110098.23307,3120331.19573
698,4116162.75469,3123485.69651
363,4120798.75393,3132502.27489
1034,4123870.86681,3133022.20778
727,4121677.3035,3131552.7642
293,4061904.56991,3198067.45639
304,4066206.26548,3163968.65326
223,4056998.37681,3180989.00038
96,4065081.31927,3187569.43747
218,4061209.2053,3170394.16928
356,4054432.28716,3191856.1887
242,4112716.96826,3125165.2408
48,4106919.77063,3121473.12529
246,4107239.59302,3121959.39749
394,4107989.12751,3113487.654
188,4107003.11241,3117726.48377
237,4109566.83936,3131031.69732
145,4102017.09824,3136861.27419
160,4099300.40129,3140609.59318
204,4101534.07422,3136912.96434
503,4112868.82062,3141959.99418
12,4118270.59045,3134618.9965
346,4097344.09814,3111706.05168
337,4082416.3428,3114353.88945
102,4089403.56328,3137942.73437
418,4087700.92613,3127854.84918
323,4090450.52436,3125204.15835
539,4088502.30904,3125208.64022
253,4071154.71646,3145293.53556
187,4061163.08829,3139766.45408
82,4076318.04058,3140521.8915
325,4068576.37748,3132964.27391
98,4066607.35296,3137470.12149
351,4067135.16545,3137209.77079
144,4068220.1792,3136824.85
363,4094135.17545,3166112.26984
310,4079147.16974,3159276.21496
510,4087159.67983,3155415.39982
475,4087540.90461,3153710.84744
305,4089632.21364,3177483.31031
407,4086603.46639,3177124.86825
140,4075612.26644,3176287.68819
27,4120241.20919,3067105.30322
435,4116210.9319,3072581.50714
605,4115799.70727,3071343.97098
354,4118442.4102,3070721.53407
288,4118082.99158,3067485.58015
696,4115786.2766,3074500.47686
417,4111403.85345,3070450.82928
83,4116950.9781,3069832.38875
1207,4116427.33551,3069452.94214
150,4112932.30201,3091546.0586
287,4108780.82872,3095620.03407
247,4104898.27596,3095203.38566
354,4110842.55987,3096486.38645
283,4105107.5075,3102352.26204
739,4113617.27543,3095933.05901
264,4108027.79389,3098998.06943
459,4114269.13317,3099234.2379
318,4107063.86549,3094868.73455
420,4113600.93582,3090967.66892
402,4113830.6229,3095788.80257
240,4104794.95092,3095631.21718
93,4103511.30486,3096318.57902
179,4107620.44846,3101756.81518
214,4107694.63569,3093200.01783
439,4102944.10524,3094904.06697
299,4104483.45312,3098200.47832
217,4107595.86768,3097306.39639
287,4106614.46998,3099540.0871
40,4107404.74689,3094499.17108
1382,4104298.31879,3094765.82117
735,4112967.20933,3106563.92864
360,4111108.93242,3110649.64167
180,4044749.39306,3080799.29797
139,4043817.0728,3080093.86418
348,4044376.66266,3080363.66375
321,4045647.4384,3079621.82475
1456,4042096.499,3081399.1336
443,4057865.75235,3085285.81853
99,4059319.25147,3061476.36155
327,4055155.31695,3080316.35417
685,4049279.37448,3085372.49054
463,4074248.89455,3083303.68961
406,4073207.31125,3084153.01181
287,4073287.15202,3079198.50161
364,4072101.6094,3085023.96447
156,4065409.00816,3096846.39898
128,4059053.83053,3102841.27553
70,4080948.77693,3104136.11704
225,4084851.38335,3098891.85731
232,4102613.73241,3084206.17817
119,4096144.14056,3082240.02548
442,4096668.66473,3095053.83752
34,4100529.53693,3089127.59918
135,4101968.98306,3090509.99235
170,4108683.98923,3083327.21103
423,4094098.52716,3063959.01824
403,4083852.06957,3058862.01537
165,4083937.88094,3069029.34263
361,4062791.1063,3113615.9283
218,4048762.70695,3102122.62968
205,4047393.5852,3113268.21974
263,4137025.04713,3100464.96219
970,4150381.05644,3103129.86586
130,4135857.87664,3124185.51615
194,4137955.44047,3114609.38206
352,4120071.37745,3101562.19928
250,4122596.27404,3098345.11457
310,4119610.76466,3101996.74533
42,4117298.64139,3100369.71455
218,4126623.82397,3117418.45995
198,4124855.66157,3063223.59438
94,4124623.534,3062954.8436
112,4141289.59248,3076030.35722
205,4122300.06661,3077544.34257
361,4124052.4243,3080146.21724
310,4120861.34382,3082317.39988
346,4106386.45728,3160572.90205
358,4107192.70177,3162674.39247
203,4118901.66234,3165423.89484
418,4118961.2114,3159498.817
318,4117241.80124,3166376.87124
579,4119816.68997,3157967.15827
234,4116478.46118,3167576.42403
125,4153328.16542,3199113.91447
405,4156964.40901,3205212.05666
170,4157809.40868,3209638.65923
158,4163708.21977,3213885.08737
347,4158230.1117,3202502.91602
312,4157383.76599,3210007.923
275,4158133.09341,3208091.10063
1334,4155795.15594,3208410.59287
400,4114847.88781,3221904.59788
565,4088744.80713,3199193.24999
327,4104701.68997,3197057.66907
110,4118132.81133,3238286.75018
240,4117406.49695,3237332.37819
94,4075324.10044,3199215.90507
140,4108695.8834,3213457.73518
620,4126476.44681,3207549.57215
108,4133629.62148,3194197.74116
128,4144851.99548,3187395.48341
341,4135190.23009,3165242.06823
351,4137288.45742,3174651.49331
232,4136775.27516,3173603.95847
730,4112200.96293,3166932.67686
173,4121981.85502,3168507.66601
324,4121808.29774,3168538.05425
984,4119265.08763,3175388.33885
119,4126445.61916,3179287.9729
288,4127472.0547,3165630.13595
765,4125451.01895,3171532.34299
509,4126536.26334,3169942.58888
112,4140095.1625,3171103.77524
64,4156247.54436,3246338.05464
448,4164994.0007,3243449.755
143,4173596.37293,3234294.13141
356,4174350.13953,3233828.22615
60,4128952.55898,3237270.16709
550,4145259.46435,3243893.03264
280,4143071.33589,3227257.07692
307,4175018.89865,3186182.77171
228,4185625.94139,3184294.56599
328,4170870.36777,3194791.08858
221,4167391.96026,3209891.6934
261,4183729.82715,3207500.69551
1330,4219913.03924,3212431.54345
414,4219913.99615,3211866.77401
141,4221821.09857,3203361.41214
787,4219636.00744,3213622.08931
13,4219519.68255,3213588.48124
1112,4221046.65586,3212577.14277
177,4219979.46648,3211776.68116
474,4209750.7792,3199846.3457
338,4207552.03669,3199549.22362
609,4209545.79265,3198238.89008
312,4224881.05468,3233025.47524
63,4222710.8141,3226518.73571
709,4232021.49945,3224896.31364
912,4277223.6813,3186300.12393
153,4261293.79899,3153328.70502
116,4235494.39721,3220328.78871
82,4244740.11196,3204550.11601
1346,4243913.67022,3204022.34245
70,4255768.43204,3222616.87564
95,4239284.34604,3233381.41937
113,4238052.3925,3233701.36094
494,4238595.55842,3232012.61953
250,4238735.54542,3232179.15399
30,4238952.58156,3233070.29091
511,4225726.79817,3243879.42341
30,4247189.02896,3243505.78562
208,4240051.37185,3186478.1584
382,4235281.864420001,3178514.92191
213,4234375.87215,3179898.43037
208,4235612.81262,3179471.31555
756,4235234.53524,3179409.39122
541,4128057.04251,3156398.10843
707,4127311.21459,3154503.77933
161,4123409.0233,3150023.80738
1268,4128612.93142,3157365.68437
167,4128610.42672,3156920.84816
277,4122582.46731,3156300.79641
445,4135270.86546,3153783.30331
139,4148049.18463,3155199.43487
467,4138397.96676,3160354.00288
1422,4144524.25138,3158385.9673
261,4135635.79258,3157988.33924
35,4150741.76867,3157562.36912
413,4150798.57951,3157973.56792
175,4143306.58858,3155093.79556
65,4147291.68438,3155731.39409
67,4153416.21944,3163208.00184
546,4144532.75103,3158720.73779
293,4147691.16804,3155624.20958
566,4144518.39964,3141187.36793
314,4140718.31977,3140630.9401
80,4147750.62713,3136692.1902
625,4145120.82444,3145718.3932
464,4170687.40473,3175473.54603
138,4171894.89334,3177698.37101
110,4173305.11244,3177207.6634
469,4171848.89682,3179685.36655
558,4170130.44112,3176577.9168
451,4128883.71354,3161827.01184
549,4128574.7661,3161280.22735
130,4124256.55029,3162138.25362
350,4123940.88917,3162366.67828
135,4125477.21642,3159807.39475
255,4125651.23215,3146332.06259
455,4140042.33289,3147656.06837
401,4133537.5914,3134918.36013
135,4138266.43066,3143099.58278
287,4136385.03854,3151677.3027
362,4135896.47132,3151639.36917
696,4179279.30596,3150938.78747
83,4240487.85777,3150275.69586
115,4241544.58062,3150250.758
128,4240719.46983,3151152.021
190,4214678.68477,3139538.50707
178,4203749.56097,3116162.81921
54,4178173.21433,3139658.30927
125,4180032.77078,3143352.66027
100,4218816.95875,3121251.88595
223,4165564.17016,3144776.82412
362,4164963.42315,3139428.62429
134,4164939.35219,3144517.2768
216,4160400.93313,3142565.67431
449,4160232.6773,3143437.1306
90,4154074.7962,3142077.47132
28,4155918.33058,3124474.12806
850,4157633.29241,3124403.73326
260,4157395.14668,3124507.9608
145,4173344.97021,3124618.28693
95,4165006.24602,3129719.41871
286,4173821.76114,3114872.24196
546,4169851.95235,3104027.71376
130,4209436.63505,3106609.50309
694,4181501.08453,3084064.16099
138,4181576.17013,3087625.02755
585,4181762.34132,3089836.90155
441,4182392.94865,3087186.1271
65,4217851.28658,3170637.19335
363,4206068.64642,3174958.19039
328,4206415.33349,3176272.60364
147,4199097.34195,3173080.76919
304,4187761.49571,3163352.80813
256,4190128.86351,3164380.7374
163,4206720.55181,3149219.39137
273,4206831.02414,3150851.39534
146,4175860.49089,3162107.62213
818,4143733.78641,3167485.96575
572,4149200.05394,3170529.15604
274,4151907.01234,3150899.36739
115,4152442.09703,3150956.16955
324,4159864.19247,3160619.1517
40,4160237.99002,3162582.94436
326,4160473.87583,3161020.36891
216,4156187.7192,3176550.37271
146,4225017.59303,2974760.10359
100,4225017.59303,2974760.10359
354,4225119.21825,2974344.09697
789,4223816.61823,2974492.41738
115,4224744.88376,2972019.4778
360,4228673.22008,3004537.12133
408,4227093.39245,3002902.56448
330,4227867.96428,3001367.57429
253,4227483.5864,3000622.35157
1302,4225197.7366,2999104.36542
880,4216916.409490001,3000415.84688
222,4226842.2283,3000209.15209
501,4222202.69716,3005222.74575
4,4226805.86532,3001255.4603
129,4224310.61348,2998713.59083
350,4228825.67848,3003454.80566
325,4227126.96555,3002798.27015
273,4234044.89558,2998778.17228
8,4231684.77727,2999716.5709
36,4234337.76396,2998401.81577
831,4231961.28772,2998913.74319
316,4194050.78317,2997114.76669
138,4197124.46077,2998622.44175
966,4191518.74755,2996405.22618
57,4196877.36445,2999139.02896
50,4197519.49042,2998691.98859
484,4196020.01095,2997537.40783
304,4221587.8384,2947087.8695
82,4217842.88117,2936917.77795
449,4244568.27339,2973304.65771
220,4211455.50233,2979010.2435
36,4211785.12413,3009165.91476
38,4212106.68632,3007961.92663
97,4211688.74046,3009722.0911
45,4211194.55042,3009110.01522
234,4216273.27421,3012183.2046
407,4262464.38162,3010827.50784
647,4243946.28576,3002894.39673
352,4243279.72832,3003127.85171
293,4287362.56617,3026992.18504
546,4214772.85608,3005340.7145
34,4209302.37635,2998571.62342
4,4210485.52346,3003624.71007
279,4248727.05427,2949253.0844
407,4226680.81644,2988233.53295
231,4246899.08504,2992651.5396
13,4247166.82665,2992873.08767
110,4182618.22695,3005125.84538
141,4182284.23136,3004312.23368
219,4182031.5467,2993571.11758
52,4230969.80734,3029157.50064
564,4230607.39993,3027973.45447
46,4231581.67845,3029334.83982
413,4231527.41098,3029408.01904
163,4257853.44745,3019842.29719
61,4249113.1958,3034643.6244
30,4248829.09495,3034331.58688
228,4225363.34959,3054311.64101
254,4226646.44888,3052771.46844
1184,4226426.85884,3052513.73423
221,4236394.42613,3046638.18483
160,4206341.82629,3047265.69276
62,4207065.06855,3046026.41525
252,4199899.10847,3071842.57397
102,4206646.48708,3055981.30335
98,4200108.308830001,3058210.44748
271,4201130.9081,3063932.38458
120,4201089.22698,3048166.64591
20,4201089.22698,3048166.64591
4,4217116.11477,3048732.0566
701,4216782.13307,3048514.26325
93,4181902.82542,3039497.08933
508,4182434.17682,3032460.71499
181,4196992.52677,3042964.95935
93,4214212.07218,3072623.80646
75,4214141.8027,3072289.17677
105,4217154.59056,3090186.38285
193,4233750.833,3080655.62911
1097,4236856.62906,3078953.43489
188,4269378.95545,3072561.55516
94,4271980.78547,3041799.15222
240,4277984.48896,3057787.80977
228,4283623.10648,3133784.47528
321,4282935.27411,3133588.70914
198,4285554.37672,3133353.22096
1206,4286809.25212,3135273.55503
254,4284838.29752,3135417.55883
120,4280802.28583,3135705.07085
180,4281281.68341,3133653.65032
247,4297882.68432,3050086.48937
988,4300199.8372,3048406.66129
20,4295452.12604,3048861.59391
24,4315280.48529,3037895.07485
158,4304554.43182,3061329.4943
561,4300851.42619,3085004.34334
40,4299501.51968,3083284.90218
199,4302553.28459,3099300.56792
333,4269291.07714,3124436.24101
122,4280045.72498,3155009.39866
107,4284701.08319,3145953.38121
142,4270372.96509,3113810.632
305,4268701.67715,3090365.83625
93,4262454.66188,3089055.7113
23,4263043.76706,3105933.99976
40,4263043.76706,3105933.99976
140,4251933.17879,3141359.66388
175,4259007.15748,3112144.51919
85,4258546.52697,3111625.52109
256,4257011.44627,3111303.11998
223,4236344.44453,3106370.70853
112,4249150.5195,3102511.23231
228,4242181.78079,3129153.70838
418,4324546.31358,3119108.63909
170,4300503.19726,3122397.42865
267,4146161.4664,3031575.08545
1347,4147703.3989,3029977.70594
659,4149305.66641,3029738.37234
150,4114920.20223,3051630.24532
30,4118183.92259,3051893.28431
50,4118272.4441,3051902.89203
6,4118527.93791,3051777.88527
452,4117445.583,3051661.66916
42,4117793.94576,3051620.56308
30,4123512.25642,3053324.73672
305,4171556.52312,3079369.70769
80,4161125.56341,3076959.06462
68,4166719.9107,2972001.57176
501,4167312.62364,2971623.98119
270,4167186.73497,2972664.42766
528,4127815.87315,2959502.17446
140,4119465.65552,3008695.26024
206,4118067.61072,2994032.71894
99,4108747.76002,2999612.47357
347,4136109.90144,3038501.54824
65,4137518.08491,3032774.67169
80,4151262.48554,3034836.6689
159,4138985.73742,3065007.9413
188,4155279.93745,3051148.5779
124,4131133.50504,3053846.2428
76,4131133.50504,3053846.2428
324,4140879.42279,3038439.68208
599,4141335.96617,3038202.60311
195,4158169.17986,3002272.38983
140,4159012.54978,3027185.4178
140,4179359.04972,3031070.8439
65,4177057.12952,3019333.54327
302,4153044.90519,3023754.62461
220,4150668.43075,3024227.30915
140,4163774.77963,3025341.46076
238,4163706.99343,3040223.00338
296,4167670.92919,3062857.72039
716,4078357.95058,2965801.37464
612,4078911.76217,2966548.86722
496,4098269.59741,2992300.97758
471,4071935.61088,2990267.29257
147,4064868.57495,3017362.65501
232,4094908.47398,3013901.28849
181,4100703.03644,2953992.30256
189,4070820.88845,2949227.96663
315,4200246.48233,2938027.75608
32,4159435.60187,2927896.84153
1131,4158319.92869,2927967.236
445,4182795.13258,2900977.067
399,4183527.59529,2899296.32367
528,4204175.68528,2931582.31935
911,4206797.04267,2932109.19194
140,4203990.26044,2931847.94113
461,4205563.4653,2928500.24487
80,4197689.94058,2988043.18119
717,4196970.61614,2987784.73514
1464,4196174.77019,2988208.10537
422,4186527.66266,2916562.8056
408,4147311.47817,2900573.50893
412,4207167.17149,2912278.48878
219,4206233.80219,2912651.0867
662,4199672.96002,2949987.30919
145,4184305.595,2961069.56339
476,4186329.89433,2960484.83102
200,4188975.70386,2929822.9831
97,4187349.63437,2929078.27209
18,4189641.90511,2923726.20539
194,4187768.95693,2940647.24326
203,4177138.27597,2951527.69003
320,4189512.68578,2887504.7243
519,4145430.53298,2923575.44225
100,4174099.62053,2888876.51068
100,4179783.86967,2905079.8494
490,4176197.12688,2894957.91865
179,4170117.70038,2986125.27395
32,4172176.83008,2977698.58541
133,4182506.37312,2986467.06063
60,4159241.76949,2895618.67788
168,4148716.94711,2905921.63878
40,4259439.85428,2852378.05672
400,4259505.21212,2852329.37682
90,4260093.83203,2851122.81886
12,4261001.97307,2850848.26796
11,4259639.80356,2850583.07919
317,4262472.14166,2853205.47526
6,4263345.0634,2854690.83043
1907,4260104.50259,2852492.74881
90,4263158.43752,2854787.7808
743,4259504.65339,2850182.44504
8,4259614.94431,2844627.9982
897,4261245.29226,2856039.21907
26,4256767.96863,2849804.80777
66,4260038.99904,2852529.6885
150,4261288.26399,2851291.24965
12,4260568.98229,2851197.85277
102,4258074.65225,2848339.0695
89,4263972.56956,2855190.63185
85,4264462.77061,2855154.15459
150,4237985.09324,2831572.71159
239,4247547.27239,2854871.26911
710,4249177.125060001,2845178.203
585,4271486.05061,2847315.81733
19,4269540.61076,2847850.61632
854,4279894.5087,2837935.46618
8,4263491.68236,2840901.46175
219,4262377.89291,2837438.19841
320,4266166.36687,2847840.58831
845,4295340.41474,2842017.9711
437,4294960.42241,2843116.78956
6,4295260.861240001,2843247.85874
52,4252999.32817,2853042.97808
988,4262560.97137,2865343.35417
13,4261879.5517,2864638.12057
5,4261472.75232,2864665.2828
83,4266645.92006,2870255.48803
202,4255538.46714,2866535.85085
363,4257693.57587,2871940.75624
277,4286420.63004,2853908.04792
17,4270639.85306,2857709.2366
464,4276773.30183,2862319.85168
550,4276408.18561,2862072.80176
31,4264912.25802,2891678.9706
1013,4261987.56664,2893739.97697
4,4264305.72355,2892585.16022
17,4264997.5427,2891858.85271
461,4265439.50695,2900119.55956
135,4254967.81899,2903827.97888
193,4277356.49485,2886530.7392
428,4269489.64816,2894984.98119
283,4284427.7376,2899276.76797
183,4326558.58979,2891432.34159
523,4302190.18645,2890252.70165
19,4302190.18645,2890252.70165
465,4303896.88969,2930859.5484
155,4305025.39655,2931456.30961
43,4306218.53818,2931407.3072
225,4297428.63702,2946326.70284
537,4331354.33834,2839957.9082
230,4330631.52523,2871655.0483
401,4305340.7748,2856257.07641
49,4345700.7121,2849286.82228
375,4327240.45149,2859496.6125
170,4192095.92849,2851628.60805
455,4189896.95853,2853958.46357
84,4191856.03831,2849905.31628
46,4190017.04243,2849930.79522
384,4204527.88253,2874471.05426
96,4202165.47786,2879670.74792
8,4203688.09687,2877711.32813
156,4208242.35768,2877263.76579
774,4202359.53361,2877609.56889
1355,4202071.08708,2879341.71772
505,4219093.07633,2891992.25406
434,4211059.06553,2866793.55777
87,4190715.76543,2841085.83787
20,4197914.36672,2851605.85695
248,4189290.90635,2862519.90289
105,4225924.26352,2920730.68112
73,4226082.64313,2922776.89479
6,4225579.98347,2922555.65452
50,4225367.16422,2923961.2528
6,4225367.16422,2923961.2528
73,4227266.34698,2921056.50569
238,4225560.89386,2924209.65627
84,4226443.98859,2922938.43387
35,4224186.72522,2923270.00051
85,4223298.19585,2923176.66547
234,4225819.90297,2921932.66659
310,4225952.49338,2919223.32923
1715,4224315.11979,2923898.73378
407,4210168.56169,2929112.78454
8,4211092.70185,2931340.71176
580,4210981.47987,2931845.15435
1215,4211372.86051,2932068.5161
255,4209383.51642,2932390.01062
195,4270856.8113,2934891.08901
51,4282742.28319,2944465.00598
73,4259372.85164,2916951.26869
200,4259422.51474,2916188.14947
130,4247764.07144,2928324.2918
295,4217195.77223,2919348.34224
225,4240186.28972,2904992.98685
220,4222929.18411,2938324.74957
615,4226844.22406,2910941.1422
105,4223111.32112,2865833.58422
30,4223111.32112,2865833.58422
50,4225416.82218,2865011.71302
6,4225280.60205,2865641.86799
3,4225369.06313,2865046.77451
500,4226498.22336,2864748.54672
490,4223701.57295,2865814.18622
65,4227151.67975,2852872.37174
22,4206343.49825,2855081.11366
62,4221574.64605,2854095.41474
70,4214026.34983,2849319.55547
103,4214317.36437,2849544.88712
48,4227714.49475,2847788.20491
437,4226269.99006,2848955.01845
426,4228615.08298,2845453.01485
36,4233243.02421,2877055.71327
142,4237493.30575,2871465.28016
74,4217387.17022,2860911.40949
66,4234923.16398,2866401.79731
115,4200330.149400001,2834395.23955
364,4203026.47633,2819477.83139
6,4159093.49032,2768395.26713
175,4157993.91748,2770228.23028
2,4154374.78209,2765950.02722
9,4157908.59927,2770224.03271
207,4159730.15733,2765630.48947
314,4160648.06883,2767705.07172
25,4169151.75293,2773336.11204
1433,4159832.16939,2768015.02708
48,4149183.76339,2758791.5723
444,4149002.04814,2757568.46586
61,4148195.83501,2759329.53802
123,4140917.49912,2771526.62806
103,4171352.48006,2763698.82517
69,4190563.68766,2757521.31158
13,4161856.39184,2772119.89551
40,4179313.20969,2755910.32766
150,4143805.92871,2747047.42634
2,4168957.30825,2765454.52503
151,4185463.22123,2758573.98049
40,4187660.88236,2757638.05836
55,4144594.43902,2779620.58614
106,4178114.7275,2786500.76864
263,4161311.91878,2781418.51973
533,4162127.52504,2780169.56265
101,4168434.54593,2778152.04134
269,4178486.28091,2836550.41689
8,4173214.17806,2821558.7987
60,4190376.20261,2791025.96432
121,4163499.18392,2830208.43318
142,4159476.28812,2830685.6175
75,4164630.45366,2805164.56777
486,4164236.74712,2805660.46106
34,4178919.54361,2811381.85171
131,4169868.75508,2820614.96681
728,4169743.65728,2820170.2289
84,4184800.9295,2829726.14363
80,4189101.1388,2800431.87754
60,4188674.53315,2799315.90101
120,4215512.14033,2799119.56656
230,4217780.2463,2784503.99086
467,4219359.56617,2782908.9657
18,4198497.92673,2803688.65518
59,4212305.0227,2767660.081
130,4212063.52598,2768115.62466
43,4203126.2824,2781925.87165
11,4211140.35232,2772816.53501
1038,4209104.74022,2773541.02233
363,4233680.94514,2764083.95007
101,4252056.65753,2733958.39931
38,4228397.62359,2731508.41838
52,4259789.05126,2729016.40342
346,4260104.83097,2729040.14878
60,4258889.71081,2728351.52945
285,4255180.593,2731627.9145
4,4220938.69565,2731351.34646
676,4232600.15849,2739165.52844
7,4233891.32424,2739518.4524
77,4246839.69643,2749362.94866
63,4137491.79854,2738480.37576
567,4144928.31746,2725094.14305
215,4145383.59379,2725433.44017
134,4165809.74439,2718103.85357
182,4165696.00511,2718459.06591
60,4180620.1666,2740663.03578
37,4204480.07422,2738079.96144
251,4186299.08816,2724874.97656
101,4283201.53777,2810220.20174
11,4262614.43012,2820569.49869
675,4263165.95404,2819221.62756
171,4263349.16075,2819204.61294
173,4280982.89959,2791021.46032
30,4243210.33828,2819094.38616
336,4249696.26839,2824935.32747
7,4251580.37832,2822389.22592
90,4251617.94116,2824607.07772
1427,4250732.04196,2824266.20445
2,4235689.46614,2796833.78324
442,4236152.56316,2796684.77414
55,4249175.3697,2792005.03158
29,4248210.60804,2795061.70585
90,4321479.18109,2809865.50152
26,4320822.07519,2809528.22332
6,4320704.95118,2809736.95961
263,4316986.02832,2812333.71535
1136,4317196.86011,2812145.738
375,4300186.98564,2796365.17776
16,4329605.19667,2820801.8151
27,4316656.35754,2810854.90818
204,4295392.07197,2766307.68488
12,4305641.70606,2774682.70681
499,4304142.71461,2775904.66314
100,4318703.1442,2783171.36525
370,4278195.58191,2729010.99792
140,4290782.87749,2728881.60701
170,4257270.27293,2740549.166
78,4293740.26451,2760026.56266
49,4303227.57299,2755578.92573
91,4303084.62398,2756811.25911
59,4296575.44513,2734098.15575
544,4292523.12222,2741675.11505
394,4290831.96744,2739018.30979
150,4308623.76808,2731673.6613
205,4309295.53415,2731029.00276
133,4293427.09788,2743019.50464
32,4262373.49364,2795920.41174
54,4262515.47761,2794091.34118
55,4282523.3625,2766875.51571
511,4263318.76844,2776199.85796
120,4425764.1715,2850944.47857
45,4426345.57521,2851923.41717
1112,4422255.09883,2851703.37061
87,4437822.67015,2783198.0263
60,4441474.02677,2783281.30681
75,4436793.92106,2780859.45329
40,4441326.32452,2783617.18106
48,4436426.54005,2782856.87847
80,4441182.02539,2782982.98524
200,4436392.74011,2777803.1039
45,4439289.60442,2784068.57589
224,4436294.66324,2783306.13371
62,4437065.96341,2775248.06897
2,4437436.58684,2781852.69192
45,4429515.15664,2782522.70936
75,4439819.37895,2783271.20784
121,4442404.48682,2777831.62529
397,4429252.14069,2782278.02639
22,4441501.68316,2783196.3901
20,4440591.23807,2782401.4013
125,4436329.4348,2777750.7221
188,4437516.51654,2781451.15591
164,4438923.26625,2779098.79875
140,4431834.06736,2779890.21421
4,4445508.02404,2775360.54756
92,4438714.76336,2782596.30049
19,4439026.75258,2788865.9328
131,4437495.6021,2780698.55565
951,4441927.9402,2783759.29152
574,4433019.791950001,2784694.02843
749,4437171.44824,2775934.82265
545,4444417.07949,2777095.95555
1091,4440050.08807,2781668.70974
870,4438387.69228,2785373.96161
365,4433328.30889,2783667.54892
122,4434555.32705,2783787.32444
110,4437022.72824,2775844.60494
110,4435381.40963,2775823.59311
60,4436384.40896,2780444.89526
120,4438194.09851,2785707.03517
15,4435684.54121,2777929.10833
60,4442393.07704,2783754.77338
44,4437528.37858,2781316.4002
435,4435077.34739,2783472.41712
208,4435738.82627,2777975.50794
148,4437781.93681,2778018.83186
113,4438915.84233,2785472.64556
12,4442688.97477,2777590.00073
622,4480582.32124,2751921.11862
546,4519853.51317,2794722.49346
42,4537375.85043,2739245.87408
4,4537375.85043,2739245.87408
287,4536492.96735,2739121.71578
20,4551380.921110001,2729016.38358
40,4538377.75763,2759940.73648
39,4545112.84924,2725482.16872
65,4430560.13575,2738388.79379
270,4437356.69232,2739377.37414
132,4436773.07349,2739451.39124
165,4427832.80167,2756392.29462
489,4427073.78667,2795644.97161
328,4467189.25912,2775615.79798
333,4408553.16987,2864785.77569
120,4423152.65287,2871918.76227
8,4452461.894690001,2806323.15274
363,4461767.78254,2799702.94399
48,4469158.17437,2812148.23431
353,4450200.28908,2811693.77746
380,4414682.37721,2786059.55841
12,4396308.19259,2731856.06432
2,4403213.42353,2709395.23753
3,4403213.42353,2709395.23753
110,4404132.12865,2708833.27292
90,4406096.73853,2708392.5423
485,4406096.73853,2708392.5423
506,4412488.62698,2729428.7499
16,4409619.18629,2729836.69389
90,4401895.87004,2720301.00204
74,4384823.02376,2770902.25119
221,4384823.02376,2770902.25119
177,4399132.63394,2773802.69513
108,4458041.58171,2741091.05573
340,4458041.58171,2741091.05573
341,4508903.3685,2795367.70655
98,4426914.20088,2779287.74427
8,4435995.65161,2771784.68881
1119,4450849.74522,2779712.49931
65,4426400.99161,2778256.55631
298,4407409.69984,2847098.71271
150,4414322.37665,2829554.91766
332,4431740.66721,2823906.08167
69,4495538.9555,2743748.93613
55,4471504.44979,2751965.67733
140,4471975.48213,2752301.73217
95,4472861.67411,2752011.44759
157,4472789.94661,2751355.02464
116,4499908.71264,2749623.79178
13,4479382.57049,2737020.0655
68,4478007.1614,2738394.6351
160,4492828.69295,2756918.62437
130,4482968.76137,2729545.31837
67,4498009.62959,2752622.81172
388,4497847.4272,2752371.22155
163,4497847.4272,2752371.22155
277,4484482.75492,2761799.9418
571,4487443.28515,2774443.95344
130,4486179.86558,2774812.0559
100,4422850.35514,2764757.72694
60,4418091.85626,2760593.91027
250,4421842.17104,2773444.39572
130,4421457.96201,2773440.98486
118,4408420.51095,2765266.51545
72,4411536.84973,2769699.92753
4,4421371.12611,2766168.09148
296,4420666.33082,2766825.45037
175,4416486.19352,2755650.68329
45,4531566.34893,2769084.65803
535,4517989.75517,2754625.40307
209,4510721.00984,2771595.22111
100,4424225.42974,2738820.87352
170,4388335.25766,2746145.35785
160,4406706.17223,2747757.60696
246,4478592.60176,2827085.80555
120,4480876.24673,2826903.15403
522,4478916.23363,2827251.38467
345,4479833.26492,2825630.56183
84,4575313.8186,2834030.1018
620,4575221.52071,2833927.65114
442,4511026.09797,2867023.0287
3,4538019.75125,2863521.48149
35,4538019.75125,2863521.48149
572,4533612.76104,2858855.74036
465,4538974.25075,2862822.02968
56,4542733.9586,2848018.18424
12,4531846.19665,2856460.1247
405,4581451.05098,2860917.58381
200,4470367.14786,2870916.64934
182,4459235.73802,2869627.66757
185,4495640.68618,2817405.48793
73,4567757.11921,2809450.48594
20,4566743.76783,2810148.87433
60,4556570.65854,2817772.59527
26,4557557.71462,2819208.17658
20,4556649.95864,2818019.36932
445,4556773.52642,2840051.10557
157,4531039.91482,2889893.74492
604,4525363.29364,2814917.11336
40,4544872.76864,2798979.16584
135,4518730.95356,2869880.24037
155,4486117.74172,2854144.53803
105,4527004.36281,2871007.97926
125,4504617.05424,2837401.97828
560,4456355.44444,2927835.66739
674,4473777.93169,2878237.49325
300,4476042.205540001,2879320.60863
905,4471994.7099,2880252.17365
833,4473907.48061,2877059.69164
704,4477362.90976,2954250.94965
38,4437841.46753,2955259.73926
165,4446292.426920001,2933945.10397
360,4514646.859710001,2904941.47775
76,4529240.92871,2899723.60112
140,4536995.77255,2909543.2499
115,4517534.67085,2921457.96945
430,4426631.14139,2909168.77343
22,4446543.36674,2895116.16197
188,4478357.57573,2961767.70171
120,4482453.39271,2882809.16228
120,4496595.73928,2879027.13688
135,4469237.876590001,2901008.15217
12,4486205.13856,2900243.65342
45,4495850.70383,2930506.0557
125,4477742.19631,2918539.57845
264,4474722.08387,2913690.8942
100,4456966.56869,2974574.18984
190,4488586.81796,2977387.99227
1013,4385031.88487,2973174.42251
324,4433450.5017,2983795.02447
1048,4431055.27723,2982428.64158
510,4390426.56767,3015427.88385
455,4457460.84605,3022988.4485
11,4373635.54862,2967648.06502
163,4373635.54862,2967648.06502
136,4395463.13754,2985724.45788
119,4431062.49942,2961694.38994
73,4401397.21528,3024488.59581
20,4375578.17705,3024614.16087
85,4405997.83174,2963688.88106
225,4398858.46426,2956197.23655
25,4437270.15005,3029031.51479
413,4449107.16131,3010777.73984
142,4466390.09457,3016030.29572
282,4416025.2842,3015523.10398
475,4425884.28344,3001694.62394
50,4436363.65983,3001927.05448
337,4390544.61963,2993715.98608
125,4391972.59267,3000313.6536
408,4469117.74707,2989839.53702
777,4361650.24485,2912115.97241
377,4361372.96879,2909132.89025
75,4360215.05563,2912746.31015
453,4391085.49134,2944149.19002
290,4394713.56312,2944657.83577
1452,4394052.72826,2943624.97868
709,4391654.02142,2930704.7464
45,4393441.07666,2926751.59251
60,4393441.07666,2926751.59251
25,4402229.372,2930442.92171
5,4398665.51081,2927156.78195
145,4398355.52322,2927675.97148
140,4398355.52322,2927675.97148
5,4403458.19242,2921502.03432
25,4401503.75826,2926501.24619
4,4398944.22539,2927186.46641
244,4398499.20695,2927262.32408
2219,4398103.76396,2928359.14615
290,4403337.27839,2930536.84886
24,4402905.69322,2929026.56891
9,4393783.0167,2926782.13837
5,4403397.94996,2928253.25115
8,4402607.55916,2929115.431
69,4395310.76491,2923916.19322
276,4401439.51648,2929140.98739
6,4396391.37286,2925832.08827
170,4394587.22237,2913767.01199
150,4378663.3067,2909235.09441
30,4383916.46758,2940862.21488
85,4379088.09141,2955134.00408
186,4422976.80967,2930356.73834
153,4424838.8269,2933870.99379
327,4413676.86091,2934970.9015
300,4412827.93821,2917346.59474
40,4350799.30633,2933036.43843
358,4365997.60319,2941223.94915
80,4338042.05582,2936618.16475
270,4399134.52767,2903131.10197
190,4377521.02639,2888599.50629
40,4387331.95143,2871857.9603
190,4393008.82067,2880691.87062
57,4260389.82023,2985107.53672
30,4258819.93193,2985483.24716
823,4262750.52441,2985351.8392
260,4337112.08888,2992418.08203
660,4338465.71341,2993305.93831
15,4318532.01352,2965331.64655
123,4317246.928,2963323.55639
321,4317643.66199,2964633.96068
7,4317013.61493,2965174.22145
115,4316597.99489,2964733.75351
38,4316116.4339,2964415.50412
1367,4317674.51449,2965351.23189
42,4256012.50861,2999088.97392
90,4305673.87666,3021745.23156
36,4302655.06181,3021112.64004
309,4326063.85374,3009397.32527
309,4326915.2445,3008628.32573
44,4325893.50628,3009499.85948
20,4327047.40572,3009543.29467
90,4333722.39785,3015426.16685
389,4337634.49519,3023616.96303
88,4337634.49519,3023616.96303
238,4337634.49519,3023616.96303
163,4338053.54068,3023633.74573
225,4335988.39178,3023354.94917
240,4357847.0035,2992130.08105
205,4330994.15357,2959029.31657
40,4337537.08892,2972628.7663
292,4260900.188110001,2966927.59828
340,4290314.97989,2987163.51723
315,4290028.22823,2986300.15236
10,4346575.08664,2976458.5273
90,4346575.08664,2976458.5273
44,4350360.24685,2975253.37794
48,4328134.96018,2985450.58199
290,4328244.45829,2985314.09147
120,4328244.45829,2985314.09147
130,4327371.990520001,2949759.64898
4,4386995.40541,2806100.42941
275,4382742.1467,2808365.07317
135,4386825.72322,2806462.8275
34,4385235.97584,2803241.47674
214,4385235.97584,2803241.47674
318,4385816.37698,2808368.2497
248,4388020.2564,2807196.5329
1699,4383097.40046,2808246.4309
5,4391323.09165,2805118.23479
269,4366766.12772,2752453.40765
360,4366775.856530001,2752886.25562
120,4343726.15456,2735376.28233
480,4343694.46151,2735517.88964
44,4333619.91283,2763214.47886
500,4333619.91283,2763214.47886
100,4405363.92055,2817238.25205
180,4394114.85267,2805256.01425
130,4382070.64306,2796759.73085
132,4376530.55498,2784970.45646
42,4381209.96069,2806076.09777
200,4356393.94071,2829152.42635
117,4371155.94627,2828266.98304
28,4354324.47769,2795451.95245
98,4351067.45217,2813589.72675
442,4342776.11513,2816228.4302
240,4342791.85639,2816003.48727
83,4343885.70985,2805855.3259
168,4348219.66154,2791595.9579
6,4328740.5889,2790227.87527
74,4328740.5889,2790227.87527
170,4320552.553020001,2808935.13029
160,4332558.56341,2799779.48043
110,4297202.68208,2716723.23927
3,4296584.6613,2714747.9563
184,4312087.91641,2721999.71145
110,4310423.18689,2717873.81745
55,4310354.36971,2717982.66745
85,4321632.89069,2718659.38527
120,4374963.1451,2769168.41017
100,4374031.693370001,2717267.54063
120,4372835.01948,2722490.23205
100,4362919.77405,2719145.14978
40,4337744.04394,2750755.05695
199,4357787.7567,2769827.11059
120,4342893.47905,2758959.45377
40,4376517.27805,2845954.07241
489,4376517.27805,2845954.07241
271,4338116.80086,2716494.33364
95,4340712.51733,2700207.69562
66,4340537.69749,2699302.94451
511,4099643.55376,2908446.7021
573,4102415.18002,2905322.87576
116,4102772.16924,2906607.66852
390,4103324.16314,2903008.55762
371,4093122.71572,2911979.58834
264,4106825.48275,2913732.48803
357,4091852.78152,2909730.88395
285,4076855.36126,2932697.73624
24,4074460.81302,2937142.25122
271,4116333.71761,2918187.15542
173,4119421.47318,2915435.22608
145,4116532.4515,2918964.44489
121,4115411.53311,2924942.39245
153,4095372.99356,2927715.90378
201,4084308.6118,2916440.22976
498,4085200.06913,2916552.42896
30,4079611.41763,2911305.66238
96,4082260.42757,2918181.62707
1292,4127788.16433,2914836.31029
151,4111005.73197,2912733.91483
233,4116455.10257,2930618.73342
653,4551558.02086,3273904.6617
2,4550270.21079,3271940.6924
190,4549575.5041,3274818.31446
2888,4550200.28056,3273587.52115
194,4548046.30753,3275571.08027
260,4549924.65438,3277364.99527
1,4549909.08828,3272101.61812
150,4549412.33747,3271291.66647
152,4549194.82519,3276986.10823
2,4551166.66668,3272243.0525
200,4548051.62484,3271557.87372
305,4549610.5671,3277159.60898
45,4551025.63413,3272491.47627
2,4550291.06564,3276845.67606
12,4555952.04338,3272866.26357
3,4550308.781,3271759.97907
248,4556140.4738,3276887.44349
150,4558272.95653,3285962.9297
1105,4558459.85257,3285805.69238
46,4558459.85257,3285805.69238
245,4552380.64613,3279010.3278
332,4555024.76049,3277300.20729
15,4545469.0398,3270584.92233
3,4544222.901,3267970.55858
12,4546231.2826,3269838.41275
40,4543304.56228,3272787.2443
487,4543304.56228,3272787.2443
100,4547037.20687,3269639.7097
2,4546449.82876,3271020.15327
97,4541677.384050001,3271549.76381
275,4544474.80466,3269719.6813
35,4544176.92752,3273169.92336
148,4540492.76592,3271417.31463
364,4546290.445450001,3268681.44484
339,4544196.20048,3273107.36134
96,4537389.93339,3277915.17883
481,4535009.27913,3277290.12031
319,4535636.00983,3266140.31583
91,4536886.95966,3270667.58515
6,4536886.95966,3270667.58515
2,4537786.90874,3273682.18459
2,4545377.98378,3264024.00423
197,4540022.01395,3262716.19868
492,4542225.70323,3261984.03152
60,4542225.70323,3261984.03152
245,4536196.92016,3261365.68172
50,4539778.82577,3262740.07343
273,4538925.33853,3261924.57977
239,4547188.98684,3263267.73008
160,4541264.14424,3264348.6233
16,4538730.0534,3263025.22832
2,4546601.02393,3265981.52978
274,4548868.25996,3262368.50039
7,4545439.10984,3266142.52872
4,4548037.32888,3270988.4643
52,4548057.5722,3270719.01954
460,4550067.43889,3268572.62575
2,4551032.64916,3265820.46418
4,4551050.09401,3265485.74068
120,4556023.71432,3263924.05349
4,4553815.08799,3269415.13678
510,4565294.14573,3264964.4586
4,4547290.50354,3269282.0222
51,4563177.66521,3273125.9897
548,4562967.16593,3273738.50465
24,4565401.18999,3275810.7213
4,4562505.54178,3272133.49301
521,4558853.20495,3274305.21592
11,4558237.19851,3272749.65175
526,4558266.09247,3272896.5554
243,4544094.01554,3284553.32356
90,4548283.45588,3282545.71498
99,4546831.5757,3279597.50987
4719,4546831.5757,3279597.50987
331,4489676.93697,3259970.3385
90,4494547.15269,3259132.54193
452,4494224.123,3259049.34312
1076,4619519.53737,3190283.13167
84,4619131.32024,3190370.42669
159,4629894.36549,3256673.94844
97,4528255.73132,3259236.36211
39,4528896.032840001,3259644.75477
982,4529519.63866,3258947.82726
100,4529519.63866,3258947.82726
144,4531276.90709,3258146.2754
241,4528151.82022,3258814.42202
132,4556756.00453,3297209.22707
54,4563224.50854,3291970.01959
260,4563154.32769,3291994.50178
496,4576378.18031,3308763.87185
237,4578825.5362,3310847.89402
200,4588257.4837,3209996.01465
455,4587366.98857,3210943.64507
140,4576083.45522,3200227.96791
210,4568812.407,3230604.22039
465,4576939.49794,3176047.43734
482,4515767.65867,3280709.28692
346,4577409.2082,3267250.49028
320,4585220.38617,3282630.00285
151,4543928.70905,3291981.45561
65,4532084.20217,3325717.66493
330,4525688.86414,3304724.42496
524,4539765.48238,3297487.31602
513,4598495.62371,3165167.01047
560,4598181.56551,3249474.08547
22,4598181.56551,3249474.08547
129,4611028.98217,3237437.84313
279,4637398.60358,3235808.61078
141,4580292.37694,3264005.38514
134,4576670.49522,3266438.26705
736,4509248.27752,3314474.05982
63,4520526.2395,3243754.35282
133,4520526.2395,3243754.35282
145,4498812.93536,3228762.53139
55,4508120.62005,3249094.8851
315,4518355.03923,3222909.79222
353,4446543.99791,3331223.87704
191,4641124.88217,3192854.40871
151,4644912.8396,3214480.55825
253,4538799.28816,3225863.96083
250,4543128.46419,3249600.19236
20,4583046.59022,3331081.90237
112,4588600.70806,3330091.29576
127,4578605.62259,3365320.3477
381,4607575.66771,3335628.27367
115,4555640.23696,3340243.55218
478,4459021.87978,3442599.05942
1031,4458583.76695,3444052.47868
1433,4414006.89722,3394680.33545
193,4520909.12297,3425899.2395
939,4539303.07888,3386859.02679
164,4524067.81679,3367853.1264
50,4499231.28524,3384854.56806
295,4499100.83637,3382666.0678
134,4445705.77442,3444297.60579
71,4451042.83131,3416981.06221
56,4460464.61881,3426652.71953
119,4490523.08895,3410724.3958
154,4480385.37238,3461544.37712
694,4521341.52983,3473445.88489
130,4524147.79048,3450201.45572
122,4398798.21895,3418480.54334
471,4415579.52462,3420673.74811
66,4544145.88004,3447747.60103
172,4542349.13402,3446484.65073
21,4544217.04174,3447673.50902
931,4543600.71327,3447599.86554
236,4557836.42214,3435193.50662
268,4585349.68953,3382997.99634
393,4586095.94173,3411133.36367
207,4567561.20936,3444760.61448
74,4430226.53609,3386571.99669
325,4399601.25372,3370269.82209
180,4419590.49435,3395776.77813
192,4472658.62169,3376921.95004
250,4520067.58885,3082771.80792
417,4533858.98418,3057756.29643
580,4329529.92743,3118494.94282
350,4513158.83498,3043791.89176
119,4557680.03581,3065720.4289
195,4540147.49866,3116676.55225
350,4556520.69485,3095323.57253
30,4564059.01509,3101209.39594
230,4517372.90123,3089479.85896
175,4525251.84437,3120105.93476
50,4471585.20836,3045501.6548
326,4491900.26909,3048530.90985
242,4491159.57379,3049320.05256
280,4487148.51332,3034309.82852
191,4506965.31468,3074141.14256
911,4492742.61833,3070685.83699
329,4584546.12444,3112509.18758
175,4585725.17206,3112045.6968
155,4585740.08839,3119075.78771
1405,4585768.16138,3111758.45838
277,4600814.99136,3116768.43406
570,4630461.35093,3128619.26051
167,4608558.70234,3136259.59072
80,4601546.59121,3126462.19322
130,4596031.19743,3119903.06276
53,4593799.22211,3121782.58137
124,4666430.34837,3126512.05521
558,4668412.87192,3128585.38196
320,4646214.52069,3117480.81596
90,4666685.34048,3147004.9363
165,4572395.39299,3119290.82299
25,4567796.85102,3136670.09831
350,4566027.08724,3123981.0281
315,4576637.07877,3117238.60623
320,4551807.49271,3136920.96278
240,4585862.39601,3099585.42905
105,4621606.55503,3112829.92477
398,4598589.00813,3101600.39475
156,4620469.28319,3105619.92544
250,4482740.58057,3139459.89612
668,4490828.88942,3135826.13345
343,4486972.63608,3135148.9746
1270,4487181.16062,3138317.40224
570,4496296.31615,3116696.7475
355,4511138.48355,3144422.40874
125,4499846.3922,3168442.91794
270,4483214.68884,3159918.02644
190,4538117.10759,3135951.19878
245,4527893.9703,3165481.5321
10,4432213.77726,3226521.25644
128,4430570.49927,3226457.51709
732,4429264.58143,3228629.37472
100,4433286.03865,3220812.12232
270,4435001.40428,3224244.56985
1080,4431998.52677,3222495.50889
430,4414813.04053,3269079.31177
202,4464889.90971,3207692.45233
279,4414938.28481,3242647.71221
170,4414571.16671,3242475.55864
184,4402616.90093,3217955.91121
410,4457808.92185,3122169.29488
453,4393474.84796,3199402.586
970,4374478.93236,3192039.29907
241,4446052.05437,3241033.26454
185,4459285.8348,3267672.1568
106,4442671.95811,3200791.19468
253,4440442.65246,3212760.4696
80,4461120.08676,3304088.19332
112,4438632.13202,3309550.25314
476,4446595.6716,3279617.66718
345,4429319.87246,3271144.3336
1235,4392075.26361,3098272.25884
426,4397272.91216,3093464.21234
967,4465358.55244,3086006.66203
1441,4432056.46721,3092122.98486
597,4371184.97644,3054713.59162
560,4413920.3087,3095292.48557
401,4343124.48648,3097528.67662
399,4346306.11388,3137415.77167
96,4360438.37031,3148169.13494
64,4379215.81486,3161360.25039
791,4376187.17011,3156414.24705
403,4336455.40484,3076933.18618
59,4345914.49157,3078098.79895
60,4345894.9077,3077738.75571
551,4366634.90511,3110734.18054
73,4379880.14028,3116410.6653
518,4349332.16929,3121970.86037
102,4336299.77202,3122454.20087
517,4397315.84393,3139210.89354
102,4350914.97251,3052087.41197
519,4349147.77314,3049627.65008
196,4352225.97803,3067952.00802
191,4360484.2057,3083418.24338
326,4368673.2032,3091001.29376
321,4373575.3799,3035114.21078
215,4372816.0469,3035465.15389
115,4387593.93949,3081142.34591
462,4387316.42225,3081281.99562
195,4427161.53269,3101296.81504
763,4410083.51646,3087278.30492
147,4415321.47911,3084002.27519
381,4403806.18836,3027617.83436
849,4416084.70425,3060046.78776
70,4424404.32945,3051411.27025
70,4423262.11983,3069845.83819
48,4451819.91248,3091284.13347
269,4453260.0047,3095719.11055
341,4442451.77393,3084842.61006
120,4449683.89319,3053230.14123
321,4476369.69321,3063591.23211
122,4475005.04436,3086247.13205
73,4491320.4391,3100292.58638
523,4492372.45897,3098534.65088
172,4096357.05057,2941071.88817
41,4099132.69719,3129127.53597
100,4472494.33115,3191960.59304
127,4502208.35645,3198802.89103
93,4060896.62304,3121084.83111
107,4249317.03886,2959575.73212
100,4454196.66511,3153124.21522
564,4458943.19876,3151821.02528
300,4529659.76628,3085122.25376
199,4457002.57182,3155618.00289
175,4474502.99053,3194223.76776
100,4296480.56569,3130274.75406
6,4205954.66229,3007989.74264
239,4322617.11365,3389640.46576
90,4474151.29083,2880337.07524
18,4112720.28372,3151030.72938
106,4217273.30626,2949810.75982
417,4482508.72078,3171696.98564
129,4258751.89584,3042715.37843
41,4337722.74272,2750932.9109
127,4209086.56475,3106707.4553
252,4321160.98118,3176497.40432
765,4412028.94667,3152107.74732
543,4222360.27457,3012057.16727
53,4305102.32273,2931457.58398
342,4316136.924840001,2965011.22271
903,4581552.50449,3111995.14668
138,4151502.82039,3141453.00118
140,4498269.68217,2751353.84284
111,4257647.02579,3233203.04338
191,4301414.94466,3098328.42959
305,4056920.46045,3190310.40678
25,4486331.53045,2749670.0204
275,4440762.71223,3187205.2579
672,4472386.16054,3191773.89701
164,4184091.39433,2843051.70285
641,4459840.03789,3141392.38713
18,4357776.74231,3316211.21701
18,4367928.74481,3166768.96661
444,4465853.7386,3413757.03233
48,4368788.12516,3363486.08595
182,4256285.05315,3239080.17418
194,4222415.24319,3142537.63634
611,4457776.50415,3153779.63459
76,4519173.22763,2742422.71793
118,4546902.858610001,2729782.34218
40,4544133.17688,2752795.86298
99,4406078.85577,3178765.81103
176,4439127.94411,3235422.10322
219,4129724.17642,2906952.69807
511,4451326.73004,3156430.89841
25,4541623.69726,2731837.07622
113,4491561.1925,3199317.07336
982,4455510.52159,3156238.70777
2,4159719.33156,2765563.52689
40,4396232.89498,3182834.75849
362,4503796.31503,3198869.84696
240,4487996.55148,3072752.50942
12,4264439.04,2893256.48207
25,4575428.67134,2834423.57556
277,4440301.51196,3187648.2237
100,4440652.58919,2782770.83686
60,4183517.67904,2994253.68563
562,4159344.35326,3208293.30363
8,4302791.57616,3254065.89983
90,4304013.40794,3251212.5643
259,4136718.05224,3039773.68234
274,4214091.60313,2967389.28175
236,4201779.84061,3138291.5798
56,4439477.42074,3188365.77324
416,4421712.35299,3182804.13335
95,4208717.88524,2990572.72363
162,4443230.00393,3220624.1048
130,4254735.53979,3501575.87998
371,4292451.14253,3490231.21448
389,4341222.48218,3426312.37767
2,4320638.23814,3382242.10967
103,4357545.3461,3239575.59616
116,4295680.622980001,3144335.65677
27,4303753.68894,3254033.48264
68,4290807.36565,3231922.95678
25,4321737.9928,3218141.05965
191,4267164.96747,3246004.22737
1,4327056.47659,3320899.99242
163,4229034.74597,3327825.2529
337,4189877.86526,3378287.59436
70,4120919.02806,3260998.43418
8,4193921.91673,3284878.60031
302,4096950.67414,3130659.27281
452,4109192.48258,3156105.95969
105,4072058.52045,3052783.04618
128,4039813.6885,3109390.9677
188,4117796.11182,3080227.98437
10,4247340.28403,3237351.38623
837,4245342.6809,3239472.56035
312,4221479.49852,2952751.0415
84,4237671.22537,2977078.35647
80,4197054.66139,3012193.78716
113,4125024.12322,3055078.59334
120,4152995.67257,2957438.28525
143,4116022.28368,2952087.48221
24,4140864.65888,3037931.57549
251,4167200.92442,2971581.06869
244,4082810.64864,2971638.22726
24,4202213.03954,2947491.99819
61,4244804.59886,2869902.98786
7,4305502.52777,2931518.44261
182,4286036.95725,2960469.70767
60,4200078.65768,2842376.44219
13,4250614.93759,2810578.51911
2,4318364.72732,2809033.52653
30,4291827.81861,2772482.53659
62,4291282.31071,2732966.89753
45,4431140.21488,2778202.06886
2032,4437307.91754,2781345.10849
25,4532340.26901,2787858.88908
105,4422648.59267,2764623.24452
40,4401299.45485,2743513.3102
157,4556498.39947,2882236.1316
20,4487173.99103,2854480.96574
125,4520121.92108,2842798.52349
60,4446878.4752,2895461.59388
10,4404717.87329,3004927.19974
14,4316681.35218,2965759.66108
2,4386993.58135,2806215.57192
10,4556755.55427,3272822.88112
30,4544967.81184,3266921.12705
206,4543533.43808,3484482.62205
269,4517907.31986,3071075.52106
300,4530468.70502,3100919.17339
10,4480995.52262,3020899.35467
620,4473828.89607,3044521.25783
180,4484416.46886,3058349.31459
305,4500866.00122,3080656.98247
180,4495486.40241,3070767.93609
240,4584689.21976,3110774.61277
200,4642318.06746,3164809.0523
533,4659792.97447,3098705.60471
30,4581111.10303,3128810.45844
392,4576800.17292,3104169.7838
467,4490938.0277,3135781.37824
987,4486671.754,3144094.11481
150,4518255.06998,3117676.32729
150,4476202.53663,3144987.51403
253,4476428.00068,3144903.15918
84,4375528.08551,3184932.72801
